﻿Designator,Footprint,Quantity,Value,LCSC Part #
C1,0805,1,18n,
C10,0603,1,220p,
"C11, C12, C17, C4, C7",0805,5,10n,
"C13, C14, C15, C16, C20, C21",0603,6,100n,
"C18, C19",CP_Elec_3x5.3,2,10u,
C2,0603,1,100p,
C3,0805,1,47n,
"C5, C8",0805,2,27n,
"C6, C9",0805,2,4.7n,
"D1, D2, D3, D4, D5",0603,5,1n4148,
J1,PJ301M-12,1,Trigger,
J10,PinSocket_1x03_P2.54mm_Vertical,1,POT_M,
J2,PJ301M-12,1,Accent,
J3,PinHeader_1x03_P2.54mm_Vertical,1,PWR,
J4,PJ301M-12,1,Out,
J5,PinHeader_1x03_P2.54mm_Vertical,1,PWR_C,
J6,PinSocket_1x03_P2.54mm_Vertical,1,PWR_M,
J7,PinHeader_1x03_P2.54mm_Vertical,1,JCK_C,
J8,PinSocket_1x03_P2.54mm_Vertical,1,JCK_M,
J9,PinHeader_1x03_P2.54mm_Vertical,1,POT_C,
"Q1, Q3",SOT-23,2,BC849,
Q2,SOT-23,1,BC859,
"R1, R21, R31, R32, R4, R6, R8",0603,7,100k,
R10,0603,1,47k,
R11,0603,1,2.7k,
"R12, R9",0603,2,1M,
"R13, R14",0603,2,100R,
R15,0603,1,2.2k,
"R16, R17, R19",0603,3,12k,
R18,0603,1,3.3k,
"R2, R22, R3, R5",0603,4,22k,
R20,0603,1,680R,
R23,0603,1,220k,
"R24, R25",0603,2,4.7k,
R26,0603,1,1k,
"R27, R29",0603,2,470k,
R28,0603,1,330k,
R30,0603,1,180k,
R7,0603,1,10k,
"RV1, RV2",POT-9MM-ALPHA,2,A5k,
U1,TSSOP-14_4.4x5mm_P0.65mm,1,TL074,
"U2, U3",TSSOP-8_4.4x3mm_P0.65mm,2,TL072,
