﻿Designator,Footprint,Quantity,Value,LCSC Part #
"C1, C2",0603,2,10p,
"C10, C11, C12, C13, C14, C7, C8, C9",0603,8,100n,
"C3, C4, C5, C6",CP_Elec_4x5.7,4,10uF,
"D1, D2",D_SOD-123,2,1N5817,
"D3, D4",LED_D3.0mm,2,LED,
J1,PJ301M-12,1,R_IN,
J10,PinHeader_1x03_P2.54mm_Vertical,1,POT_L_M,
J2,PJ301M-12,1,L_IN,
J3,PJ366ST,1,OUT,
J4,PinHeader_1x03_P2.54mm_Vertical,1,PWR,
J5,PinSocket_1x03_P2.54mm_Vertical,1,PWR_C,
J6,PinHeader_1x03_P2.54mm_Vertical,1,PWR_M,
J7,PinSocket_1x03_P2.54mm_Vertical,1,POT_R_C,
J8,PinHeader_1x03_P2.54mm_Vertical,1,POT_R_M,
J9,PinSocket_1x03_P2.54mm_Vertical,1,POT_L_C,
"Q1, Q2",SOT-23,2,MMBT3904,
"R1, R15, R16, R2",0603,4,100k,
"R10, R11, R12, R9",0603,4,75,
"R13, R14",0603,2,1k,
"R3, R4",0603,2,39k,
"R5, R6, R7, R8",0603,4,10k,
"RV1, RV2",POT-9MM-ALPHA,2,100k,
U1,TSSOP-8_4.4x3mm_P0.65mm,1,TL072,
"U2, U3",SOIC-8_3.9x4.9mm_P1.27mm,2,NE5532,
~,Perforacija,1,Perforacija,
